Metabolism,56374
Metabolism: Carbohydrate metabolism,16161
Metabolism: NRG metabolism,5368
Metabolism: Lipid metabolism,3493
Metabolism: Nucleotide metabolism,5857
Metabolism: AA metabolism,9369
Metabolism: Other AA metabolism,1769
Metabolism: Glycan,3221
Metabolism: Cofactors and vitamins,5729
Metabolism: Terpenoids and polyketides,1471
Metabolism: 2dary metabolites,2778
Metabolism: Xenobiotics,1155
Metabolism: Enzyme families,3
Genetic Information Processing,12747
Genetic Information Processing: Transcription,302
Genetic Information Processing: Tranlation,5678
Genetic Information Processing: Fold sort degr,2210
Genetic Information Processing: Replication and repair,4557
Environ Info Process,7439
Environ Info Process: Membrane transport,3335
Environ Info Process: Signal transduction,4085
Environ Info Process: Signal molec and interact,19
Other,15089
